01M142,M142,P.S. 142 Amalia Castro,DOE,General Academic,Elementary,0K 01 02 03 04 05 SE,PK 0K 01 02 03 04 05,Jul 1 1976,Open,M142,100 ATTORNEY STREET,MANHATTAN,NY,10002,1,1,M801,COMMUNITY SCHOOL DISTRICT 01,true
84M320,M320,Manhattan Charter School,Charter,General Academic,Elementary,0K 01 02 03 04 05,0K 01 02 03 04 05,Jul 1 2005,Open,M142,100 ATTORNEY STREET,MANHATTAN,NY,10002,1,84,K01D,OFFICE OF CHARTER SCHOOLS,true
18K211,K211,I.S. 211 John Wilson,DOE,General Academic,Junior High-Intermediate-Middle,06 07 08 SE,6/7/2008,Jul 1 1958,Open,K211,1001 EAST 100 STREET,BROOKLYN,NY,11236,18,18,K818,COMMUNITY SCHOOL DISTRICT 18,true
84K724,K724,Leadership Prep Canarsie Charter School (Leadership Prep CS 4),Charter,General Academic,K-8,0K 01 02 03 05 06 07 08,0K 01 02 03 04 05,Jul 1 2013,Open,K211,1001 EAST 100 STREET,BROOKLYN,NY,11236,18,84,K01D,OFFICE OF CHARTER SCHOOLS,true
13K265,K265,Dr. Susan S. McKinney Secondary School of the Arts,DOE,General Academic,Secondary School,06 07 08 09 10 11 12 SE,06 07 08 09 10 11 12,Jul 1 1958,Open,K265,101 PARK AVENUE,BROOKLYN,NY,11205,13,13,K813,COMMUNITY SCHOOL DISTRICT 13,true
84K752,K752,Success Academy Fort Greene (Brooklyn 5),Charter,General Academic,Elementary,0K 01 02 03 04 05,0K 01 02 03 04 05,Jul 1 2013,Open,K265,101 PARK AVENUE,BROOKLYN,NY,11205,13,84,K01D,OFFICE OF CHARTER SCHOOLS,true
12X446,X446,Arturo A. Schomburg Satellite Academy Bronx,DOE,Transfer School,High school,10/11/2012,09 10 11 12,Jul 1 2010,Open,X401,1010 REV. J. A. POLITE AVENUE,BRONX,NY,10459,12,12,X812,COMMUNITY SCHOOL DISTRICT 12,true
12X480,X480,Bronx Regional High School,DOE,Transfer School,High school,10/11/2012,09 10 11 12,Jun 5 1996,Open,X401,1010 REV. J. A. POLITE AVENUE,BRONX,NY,10459,12,12,X812,COMMUNITY SCHOOL DISTRICT 12,true
84X200,X200,ROADS Charter School II,Charter,General Academic,High school,09 10 11 12 SE,09 10 11 12,Jul 1 2012,Open,X401,1010 REV. J. A. POLITE AVENUE,BRONX,NY,10459,12,84,K01D,OFFICE OF CHARTER SCHOOLS,true
17K532,K532,New Bridges Elementary,DOE,General Academic,Elementary,0K 01 02 SE,PK 0K 01 02 03 04 05,Jul 1 2013,Open,K167,1025 EASTERN PARKWAY,BROOKLYN,NY,11213,17,17,K817,COMMUNITY SCHOOL DISTRICT 17,true
17K167,K167,P.S. 167 The Parkway,DOE,General Academic,Elementary,03 04 05 SE,PK 0K 01 02 03 04 05,Jul 1 1911,Open,K167,1025 EASTERN PARKWAY,BROOKLYN,NY,11213,17,17,K817,COMMUNITY SCHOOL DISTRICT 17,true
84K741,K741,Success Academy Crown Heights (Brooklyn 7),Charter,General Academic,Elementary,0K 01 02 03 04 05,0K 01 02 03 04 05,Jul 1 2013,Open,K167,1025 EASTERN PARKWAY,BROOKLYN,NY,11213,17,84,K01D,OFFICE OF CHARTER SCHOOLS,true
18K114,K114,P.S. 114 Ryder Elementary,DOE,General Academic,Elementary,0K 01 02 03 04 05 SE,PK 0K 01 02 03 04 05,Jul 1 1907,Open,K114,1077 REMSEN AVENUE,BROOKLYN,NY,11236,18,18,K818,COMMUNITY SCHOOL DISTRICT 18,true
84K379,K379,Explore Excel Charter School,Charter,General Academic,K-8,0K 01 02 03 04 05,0K 01 02 03 04 05 06 07 08,Jul 1 2011,Open,K114,1077 REMSEN AVENUE,BROOKLYN,NY,11236,18,84,K01D,OFFICE OF CHARTER SCHOOLS,true
18K588,K588,Middle School for Art and Philosophy,DOE,General Academic,Junior High-Intermediate-Middle,06 07 08 SE,6/7/2008,Jul 1 2007,Open,K252,1084 LENOX ROAD,BROOKLYN,NY,11212,18,18,K818,COMMUNITY SCHOOL DISTRICT 18,true
84K608,K608,Kings Collegiate Charter School,Charter,General Academic,Secondary School,04 05 06 07 08 09 10 11,05 06 07 08 09 10 11 12,Jul 1 2007,Open,K252,1084 LENOX ROAD,BROOKLYN,NY,11212,18,84,K01D,OFFICE OF CHARTER SCHOOLS,true
23K644,K644,Eagle Academy for Young Men II,DOE,General Academic,Junior High-Intermediate-Middle,06 07 08 09 10 11 SE,06 07 08 09 10 11 12,Jul 1 2008,Open,K271,1137 HERKIMER STREET,BROOKLYN,NY,11233,23,23,K823,COMMUNITY SCHOOL DISTRICT 23,true
23K522,K522,Mott Hall IV,DOE,General Academic,Junior High-Intermediate-Middle,06 07 08 SE,6/7/2008,Sep 8 2004,Open,K271,1137 HERKIMER STREET,BROOKLYN,NY,11233,23,23,K823,COMMUNITY SCHOOL DISTRICT 23,true
84K777,K777,Ocean Hill Collegiate Charter School,Charter,General Academic,Secondary School,05 06 07 08,05 06 07 08 09 10 11 12,Jun 1 2010,Open,K271,1137 HERKIMER STREET,BROOKLYN,NY,11233,23,84,K01D,OFFICE OF CHARTER SCHOOLS,true
17K334,K334,Middle School for Academic and Social Excellence,DOE,General Academic,Junior High-Intermediate-Middle,0K 06 07 08 SE,6/7/2008,Jul 1 2005,Open,K390,1224 PARK PLACE,BROOKLYN,NY,11213,17,17,K817,COMMUNITY SCHOOL DISTRICT 17,true
17K354,K354,The School of Integrated Learning,DOE,General Academic,Junior High-Intermediate-Middle,06 07 08 SE,6/7/2008,Jul 1 2005,Open,K390,1224 PARK PLACE,BROOKLYN,NY,11213,17,17,K817,COMMUNITY SCHOOL DISTRICT 17,true
84K357,K357,KIPP AMP Charter School,Charter,General Academic,K-12 all grades,0K 04 05 06 07 08 09 10 11 12 SE,0K 01 02 03 04 05 06 07 08 09 10 11 12,Jul 1 2005,Open,K390,1224 PARK PLACE,BROOKLYN,NY,11213,17,84,K01D,OFFICE OF CHARTER SCHOOLS,true
84X177,X177,MOTT HALL CHARTER SCHOOL,Charter,General Academic,Junior High-Intermediate-Middle,6/7/2015,6/7/2008,Jul 1 2012,Open,X063,1260 FRANKLIN AVENUE,BRONX,NY,10456,9,84,K01D,OFFICE OF CHARTER SCHOOLS,true
09X063,X063,P.S. 063 Author's Academy,DOE,General Academic,Elementary,0K 01 02 03 04 05 SE,PK 0K 01 02 03 04 05,Jul 1 1924,Open,X063,1260 FRANKLIN AVENUE,BRONX,NY,10456,9,9,X809,COMMUNITY SCHOOL DISTRICT 09,true
32K383,K383,J.H.S. 383 Philippa Schuyler,DOE,General Academic,Junior High-Intermediate-Middle,05 06 07 08 SE,05 06 07 08,Jul 1 1977,Open,K383,1300 GREENE AVENUE,BROOKLYN,NY,11237,32,32,K832,COMMUNITY SCHOOL DISTRICT 32,true
84K538,K538,Achievement First Bushwick Charter School,Charter,General Academic,K-12 all grades,0K 01 02 03 04 05 06 07 08 09 10 11 SE,0K 01 02 03 04 05 06 07 08 09 10 11 12,Jul 1 2006,Open,K383,1300 GREENE AVENUE,BROOKLYN,NY,11237,32,84,K01D,OFFICE OF CHARTER SCHOOLS,true
03M242,M242,P.S. 242 - The Young Diplomats Magnet Academy,DOE,General Academic,Elementary,PK 0K 01 02 03 04 05 SE,0K 01 02 03 04 05,Jun 22 1999,Open,M144,134 WEST 122 STREET,MANHATTAN,NY,10027,3,3,M803,COMMUNITY SCHOOL DISTRICT 03,true
84M861,M861,Future Leaders Institute Charter School,Charter,General Academic,K-8,0K 01 02 03 04 05 06 07 08,0K 01 02 03 04 05 06 07 08,Jul 1 2001,Open,M144,134 WEST 122 STREET,MANHATTAN,NY,10027,3,84,K01D,OFFICE OF CHARTER SCHOOLS,true
75K140,K140,P.S. K140,DOE,Special Education,K-8,0K 01 02 03 04 05 06 07 08 09 SE,0K 01 02 03 04 05 06 07 08 SE,Jul 1 1999,Open,K258,141 MACON STREET,BROOKLYN,NY,11216,13,75,M02I,CITYWIDE SPECIAL EDUCATION,true
84K517,K517,Leadership Prep Bedford Stuyvesant Charter School,Charter,General Academic,K-8,0K 01 02 03 04 05 06 07 08,0K 01 02 03 04 05 06 07 08,Jul 1 2006,Open,K258,141 MACON STREET,BROOKLYN,NY,11216,13,84,K01D,OFFICE OF CHARTER SCHOOLS,true
05M030,M030,P.S. 030 Hernandez/Hughes,DOE,General Academic,Elementary,0K 01 02 03 04 05 SE,PK 0K 01 02 03 04 05,Jul 1 1969,Open,M030,144-176 EAST 128 STREET,MANHATTAN,NY,10035,5,5,M805,COMMUNITY SCHOOL DISTRICT 05,true
75M138,M138,P.S. 138,DOE,Special Education,K-12 all grades,01 02 03 04 05 06 07 08 09 10 11 12 SE,01 02 03 04 05 06 07 08 09 10 11 12 SE,Jun 26 1989,Open,M030,144-176 EAST 128 STREET,MANHATTAN,NY,10035,5,75,M02I,CITYWIDE SPECIAL EDUCATION,true
84M384,M384,Success Academy Charter School - Harlem 2,Charter,General Academic,Elementary,0K 01 02 03 04 05 06 SE,0K 01 02 03 04 05 06 07 08,Jul 1 2008,Open,M030,144-176 EAST 128 STREET,MANHATTAN,NY,10035,5,84,K01D,OFFICE OF CHARTER SCHOOLS,true
03M402,M402,THE URBAN ASSEMBLY SCHOOL FOR GREEN CAREERS,DOE,Career Technical,High school,09 10 11 12 SE,09 10 11 12,Jul 1 2009,Open,M470,145 WEST 84 STREET,MANHATTAN,NY,10024,3,3,M803,COMMUNITY SCHOOL DISTRICT 03,true
03M403,M403,THE GLOBAL LEARNING COLLABORATIVE,DOE,General Academic,High school,09 10 11 12 SE,09 10 11 12,Jul 1 2009,Open,M470,145 WEST 84 STREET,MANHATTAN,NY,10024,3,3,M803,COMMUNITY SCHOOL DISTRICT 03,true
03M404,M404,INNOVATION DIPLOMA PLUS,DOE,Transfer School,High school,09 10 11 12,09 10 11 12,Jul 1 2009,Open,M470,145 WEST 84 STREET,MANHATTAN,NY,10024,3,3,M803,COMMUNITY SCHOOL DISTRICT 03,true
03M417,M417,FRANK McCOURT HIGH SCHOOL,DOE,General Academic,High school,09 10 11 12 SE,09 10 11 12,Jul 1 2010,Open,M470,145 WEST 84 STREET,MANHATTAN,NY,10024,3,3,M803,COMMUNITY SCHOOL DISTRICT 03,true
84M523,M523,Success Academy Charter School - Upper West,Charter,General Academic,Elementary,0K 01 02 03 SE,0K 01 02 03 04 05 06 07 08,Jul 1 2011,Open,M470,145 WEST 84 STREET,MANHATTAN,NY,10024,3,84,K01D,OFFICE OF CHARTER SCHOOLS,true
23K646,K646,Aspirations Diploma Plus High School,DOE,Transfer School,High school,09 10 11 12 SE,09 10 11 12,Jul 1 2008,Open,K894,1495 HERKIMER STREET,BROOKLYN,NY,11233,23,23,K823,COMMUNITY SCHOOL DISTRICT 23,true
84K395,K395,Roads Charter School I,Charter,General Academic,High school,09 10 11 12,09 10 11 12,Jul 1 2012,Open,K894,1495 HERKIMER STREET,BROOKLYN,NY,11233,23,84,K01D,OFFICE OF CHARTER SCHOOLS,true
84X422,X422,Icahn Charter School 3,Charter,General Academic,K-8,0K 01 02 03 04 05 06 07,0K 01 02 03 04 05 06 07 08,Jul 1 2008,Open,XAGA,1500 PELHAM PARKWAY SOUTH,BRONX,NY,10461,11,84,K01D,OFFICE OF CHARTER SCHOOLS,true
84X496,X496,Icahn Charter School 4,Charter,General Academic,K-8,0K 01 02 03 04 05 06,0K 01 02 03 04 05 06 07 08,Jul 2 2009,Open,XAGA,1500 PELHAM PARKWAY SOUTH,BRONX,NY,10461,11,84,K01D,OFFICE OF CHARTER SCHOOLS,true
84X538,X538,Icahn Charter School 5,Charter,General Academic,Elementary,01 02 03 04 SE,0K 01 02 03 04 05 06 07 08,Jul 1 2011,Open,XAGA,1500 PELHAM PARKWAY SOUTH,BRONX,NY,10461,11,84,K01D,OFFICE OF CHARTER SCHOOLS,true
08X093,X093,P.S. 093 Albert G. Oliver,DOE,General Academic,Elementary,PK 0K 01 02 03 04 05 SE,PK 0K 01 02 03 04 05,Jul 1 1930,Open,X093,1535 STORY AVENUE,BRONX,NY,10473,8,8,X808,COMMUNITY SCHOOL DISTRICT 08,true
84X362,X362,Icahn Charter School 7,Charter,General Academic,Elementary,0K 01 02 03 04 05 06,0K 01 02 03 04 05 06 07 08,Jul 1 2013,Open,X093,1535 STORY AVENUE,BRONX,NY,10473,8,84,K01D,OFFICE OF CHARTER SCHOOLS,true
14K016,K016,P.S. 016 Leonard Dunkly,DOE,General Academic,Elementary,0K 01 02 03 04 05 06 SE,PK 0K 01 02 03 04 05,Jul 1 1918,Open,K016,157 WILSON STREET,BROOKLYN,NY,11211,14,14,K814,COMMUNITY SCHOOL DISTRICT 14,true
84K355,K355,Williamsburg Collegiate Charter School,Charter,General Academic,Junior High-Intermediate-Middle,04 05 06 07 08 09 10 11 12 SE,05 06 07 08 09 10 11 12,Jul 1 2005,Open,K016,157 WILSON STREET,BROOKLYN,NY,11211,14,84,K01D,OFFICE OF CHARTER SCHOOLS,true
04M497,M497,Central Park East I,DOE,General Academic,Elementary,PK 0K 01 02 03 04 05 SE,PK 0K 01 02 03 04 05,Jul 1 1999,Open,M013,1573 MADISON AVENUE,MANHATTAN,NY,10029,4,4,M804,COMMUNITY SCHOOL DISTRICT 04,true
04M555,M555,Central Park East High School,DOE,General Academic,High school,09 10 11 12 SE,09 10 11 12,Jun 5 1996,Open,M013,1573 MADISON AVENUE,MANHATTAN,NY,10029,4,4,M804,COMMUNITY SCHOOL DISTRICT 04,true
04M013,M013,J.H.S. 013 Jackie Robinson,DOE,General Academic,Junior High-Intermediate-Middle,06 07 08 SE,6/7/2008,Jul 1 1958,Open,M013,1573 MADISON AVENUE,MANHATTAN,NY,10029,4,4,M804,COMMUNITY SCHOOL DISTRICT 04,true
84M168,M168,East Harlem Scholars Academy Charter School II,Charter,General Academic,K-8,0K 01 02 03 04 05 06 07 08,0K 01 02 03 04 05,Jul 1 2013,Open,M013,1573 MADISON AVENUE,MANHATTAN,NY,10029,4,84,K01D,OFFICE OF CHARTER SCHOOLS,true
84M518,M518,East Harlem Scholars Academy Charter School,Charter,General Academic,Elementary,0K 01 02,0K 01 02 03 04 05 06 07 08,Jul 1 2011,Open,M013,1573 MADISON AVENUE,MANHATTAN,NY,10029,4,84,K01D,OFFICE OF CHARTER SCHOOLS,true
16K243,K243,P.S. 243K- The Weeksville School,DOE,General Academic,Elementary,0K 01 02 03 04 05 SE,PK 0K 01 02 03 04 05,Jul 1 1962,Open,K243,1580 DEAN STREET,BROOKLYN,NY,11213,16,16,K816,COMMUNITY SCHOOL DISTRICT 16,true
84K360,K360,LAUNCH EXPEDITIONARY LEARNING CHARTER SCHOOL,Charter,General Academic,Secondary School,06 07 SE,06 07 08 09 10 11 12,Jul 1 2012,Open,K243,1580 DEAN STREET,BROOKLYN,NY,11213,16,84,K01D,OFFICE OF CHARTER SCHOOLS,true
11X498,X498,PS/MS 11X498 - VAN NEST ACADEMY,DOE,General Academic,K-8,0K 01 02 03 04 06 07 08 SE,0K 01 02 03 04 05 06 07 08,Jul 1 2010,Open,X498,1640 BRONXDALE AVE,BRONX,NY,10462,11,11,X10C,COMMUNITY SCHOOL DISTRICT 11,true
84X378,X378,Icahn Charter School 2,Charter,General Academic,K-8,01 02 03 04 05 06 07 08,0K 01 02 03 04 05 06 07 08,Jul 1 2007,Open,X498,1640 BRONXDALE AVE,BRONX,NY,10462,11,84,K01D,OFFICE OF CHARTER SCHOOLS,true
09X004,X004,P.S./M.S. 004 Crotona Park West,DOE,General Academic,K-8,0K 01 02 03 04 05 06 07 08 SE,0K 01 02 03 04 05 06 07 08,Jul 1 1897,Open,X004,1701 FULTON AVENUE,BRONX,NY,10457,9,9,X809,COMMUNITY SCHOOL DISTRICT 09,true
09X276,X276,Leadership Institute,DOE,General Academic,High school,09 10 11 12 SE,09 10 11 12,Jul 1 2005,Open,X004,1701 FULTON AVENUE,BRONX,NY,10457,9,9,X809,COMMUNITY SCHOOL DISTRICT 09,true
84X133,X133,Icahn Charter School 6,Charter,General Academic,K-8,0K 01 02 03 SE,0K 01 02 03 04 05 06 07 08,Jul 1 2012,Open,X004,1701 FULTON AVENUE,BRONX,NY,10457,9,84,K01D,OFFICE OF CHARTER SCHOOLS,true
03M185,M185,P.S. 185 - The Early Childhood Discovery and Design Magnet School,DOE,General Academic,Early Childhood,0K 01 02 SE,PK 0K 01 02,Jul 1 1968,Open,M185,20 WEST 112 STREET,MANHATTAN,NY,10026,3,3,M803,COMMUNITY SCHOOL DISTRICT 03,true
84M329,M329,Harlem Link Charter School,Charter,General Academic,Elementary,0K 01 02 03 04 05 06,0K 01 02 03 04,Jul 1 2005,Open,M185,20 WEST 112 STREET,MANHATTAN,NY,10026,3,84,K01D,OFFICE OF CHARTER SCHOOLS,true
14K050,K050,J.H.S. 050 John D. Wells,DOE,General Academic,Junior High-Intermediate-Middle,06 07 08 SE,6/7/2008,Jul 1 1915,Open,K050,183 SOUTH 3 STREET,BROOKLYN,NY,11211,14,14,K814,COMMUNITY SCHOOL DISTRICT 14,true
84K182,K182,Success Academy Charter School - Williamsburg,Charter,General Academic,Elementary,0K 01 02 SE,0K 01 03 04 05 06 07 08,Jul 1 2012,Open,K050,183 SOUTH 3 STREET,BROOKLYN,NY,11211,14,84,K01D,OFFICE OF CHARTER SCHOOLS,true
17K394,K394,M.S. K394,DOE,General Academic,K-8,0K 01 02 03 04 05 06 07 08 SE,PK 0K 01 02 03 04 05 06 07 08,Jul 1 1999,Open,K210,188 ROCHESTER AVENUE,BROOKLYN,NY,11213,17,17,K817,COMMUNITY SCHOOL DISTRICT 17,true
84K742,K742,Explore Empower Charter School,Charter,General Academic,K-8,0K 01 02 03 04 05 06,0K 01 02 03 04 05 06 07 08,May 5 2009,Open,K210,188 ROCHESTER AVENUE,BROOKLYN,NY,11213,17,84,K01D,OFFICE OF CHARTER SCHOOLS,true
12X211,X211,P.S. 211,DOE,General Academic,K-8,0K 01 02 03 04 05 06 07 08 SE,PK 0K 01 02 03 04 05 06 07 08,Dec 6 1990,Open,X193,1919 PROSPECT AVENUE,BRONX,NY,10457,12,12,X812,COMMUNITY SCHOOL DISTRICT 12,true
12X318,X318,I.S. X318 Math  Science & Technology Through Arts,DOE,General Academic,Junior High-Intermediate-Middle,06 07 08 SE,6/7/2008,Jul 1 2000,Open,X193,1919 PROSPECT AVENUE,BRONX,NY,10457,12,12,X812,COMMUNITY SCHOOL DISTRICT 12,true
84X124,X124,Childrenâ€™s Aid College Prep Charter School,Charter,General Academic,Elementary,0K 01 02 SE,0K 01 02 03 04 05,Jul 1 2012,Open,X193,1919 PROSPECT AVENUE,BRONX,NY,10457,12,84,K01D,OFFICE OF CHARTER SCHOOLS,true
05M157,M157,The Urban Assembly School for Global Commerce,DOE,General Academic,High school,09 SE,09 10 11 12,Jul 1 2013,Open,M501,2005 MADISON AVENUE,MANHATTAN,NY,10035,5,5,M805,COMMUNITY SCHOOL DISTRICT 05,true
05M469,M469,Choir Academy of Harlem,DOE,General Academic,Secondary School,06 07 08 09 10 11 12 SE,06 07 08 09 10 11 12,Jun 5 1996,Open,M501,2005 MADISON AVENUE,MANHATTAN,NY,10035,5,5,M805,COMMUNITY SCHOOL DISTRICT 05,true
84M341,M341,Harlem Children's Zone Promise Academy II Charter School,Charter,General Academic,Elementary,0K 01 02 03 04 05 06 07 08 09,0K 01 02 03 04 05 06 07 08 09 10 11 12,Jul 1 2005,Open,M501,2005 MADISON AVENUE,MANHATTAN,NY,10035,5,84,K01D,OFFICE OF CHARTER SCHOOLS,true
23K493,K493,Brooklyn Collegiate: A College Board School,DOE,General Academic,Secondary School,07 08 09 10 11 12 SE,09 10 11 12,Sep 8 2004,Open,K055,2021 BERGEN STREET,BROOKLYN,NY,11233,23,23,K823,COMMUNITY SCHOOL DISTRICT 23,true
84K626,K626,Achievement First Brownsville Charter School,Charter,General Academic,K-8,0K 01 02 03 04 05 06,0K 01 02 03 04 05,Jul 1 2008,Open,K055,2021 BERGEN STREET,BROOKLYN,NY,11233,23,84,K01D,OFFICE OF CHARTER SCHOOLS,true
06M319,M319,M.S. 319 - Maria Teresa,DOE,General Academic,Junior High-Intermediate-Middle,06 07 08 SE,6/7/2008,Sep 8 2004,Open,M090,21 JUMEL PLACE,MANHATTAN,NY,10032,6,6,M806,COMMUNITY SCHOOL DISTRICT 06,true
06M324,M324,M.S. 324 - Patria Mirabal,DOE,General Academic,Junior High-Intermediate-Middle,06 07 08 SE,6/7/2008,Sep 8 2004,Open,M090,21 JUMEL PLACE,MANHATTAN,NY,10032,6,6,M806,COMMUNITY SCHOOL DISTRICT 06,true
84M068,M068,KIPP Washington Heights Middle School,Charter,General Academic,K-12 all grades,05 06 SE,0K 01 02 03 04 05 06 07 08 09 10 11 12,Jul 1 2012,Open,M090,21 JUMEL PLACE,MANHATTAN,NY,10032,6,84,K01D,OFFICE OF CHARTER SCHOOLS,true
14K059,K059,P.S. 059 William Floyd,DOE,General Academic,Elementary,0K 01 02 03 04 05 SE,PK 0K 01 02 03 04 05,Jul 1 1956,Open,K059,211 THROOP AVENUE,BROOKLYN,NY,11206,14,14,K814,COMMUNITY SCHOOL DISTRICT 14,true
84K125,K125,Success Academy Charter School - Bed-Stuy 2,Charter,General Academic,Elementary,0K 01 02 SE,0K 01 02 03 04 05 06 07 08,Jul 1 2012,Open,K059,211 THROOP AVENUE,BROOKLYN,NY,11206,14,84,K01D,OFFICE OF CHARTER SCHOOLS,true
14K071,K071,Juan Morel Campos Secondary School,DOE,General Academic,Secondary School,06 07 08 09 10 11 12 SE,06 07 08 09 10 11 12,Jul 1 1970,Open,K071,215 HEYWARD STREET,BROOKLYN,NY,11206,14,14,K814,COMMUNITY SCHOOL DISTRICT 14,true
84K037,K037,Beginning with Children Charter School II,Charter,General Academic,K-8,0K 01 02 SE,0K 01 02 03 04 05 06 07 08,Jul 1 2012,Open,K071,215 HEYWARD STREET,BROOKLYN,NY,11206,14,84,K01D,OFFICE OF CHARTER SCHOOLS,true
01M332,M332,University Neighborhood Middle School,DOE,General Academic,Junior High-Intermediate-Middle,06 07 08 SE,6/7/2008,Sep 13 2004,Open,M056,220 HENRY STREET,MANHATTAN,NY,10002,1,1,M801,COMMUNITY SCHOOL DISTRICT 01,true
01M345,M345,Collaborative Academy of Science  Technology  & Language-Arts Education,DOE,General Academic,Junior High-Intermediate-Middle,06 07 08 SE,6/7/2008,Jul 1 2006,Open,M056,220 HENRY STREET,MANHATTAN,NY,10002,1,1,M801,COMMUNITY SCHOOL DISTRICT 01,true
01M292,M292,Henry Street School for International Studies,DOE,General Academic,Secondary School,06 07 08 09 10 11 12 SE,06 07 08 09 10 11 12,Sep 8 2004,Open,M056,220 HENRY STREET,MANHATTAN,NY,10002,1,1,M801,COMMUNITY SCHOOL DISTRICT 01,true
84M080,M080,Manhattan Charter School II,Charter,General Academic,Elementary,0K 01 02 SE,0K 01 02 03 04 05,Jul 1 2012,Open,M056,220 HENRY STREET,MANHATTAN,NY,10002,1,84,K01D,OFFICE OF CHARTER SCHOOLS,true
05M092,M092,P.S. 092 Mary McLeod Bethune,DOE,General Academic,Elementary,0K 01 02 03 04 05 SE,PK 0K 01 02 03 04 05,Jul 1 1966,Open,M092,222 WEST 134 STREET,MANHATTAN,NY,10030,5,5,M805,COMMUNITY SCHOOL DISTRICT 05,true
84M388,M388,St. HOPE Leadership Academy Charter School,Charter,General Academic,Junior High-Intermediate-Middle,05 06 07 08,0K 01 02 03 04 05 06 07 08 09 10 11 12,Jul 1 2008,Open,M092,222 WEST 134 STREET,MANHATTAN,NY,10030,5,84,K01D,OFFICE OF CHARTER SCHOOLS,true
84M350,M350,Democracy Prep Charter School,Charter,General Academic,Secondary School,06 07 08 09 10 11 12 SE,09 10 11 12,Jul 1 2006,Open,M197,2230 5 AVENUE,MANHATTAN,NY,10037,5,84,K01D,OFFICE OF CHARTER SCHOOLS,true
05M197,M197,P.S. 197 John B. Russwurm,DOE,General Academic,Elementary,PK 0K 01 02 03 04 05 SE,PK 0K 01 02 03 04 05,Jul 1 1956,Open,M197,2230 5 AVENUE,MANHATTAN,NY,10037,5,5,M805,COMMUNITY SCHOOL DISTRICT 05,true
32K564,K564,Bushwick Community High School,DOE,Transfer School,High school,10/11/2012,09 10 11 12,Sep 8 2004,Open,K291,231 PALMETTO STREET,BROOKLYN,NY,11221,32,32,K832,COMMUNITY SCHOOL DISTRICT 32,true
32K291,K291,J.H.S. 291 Roland Hayes,DOE,General Academic,Junior High-Intermediate-Middle,06 07 08 SE,6/7/2008,Jul 1 1975,Open,K291,231 PALMETTO STREET,BROOKLYN,NY,11221,32,32,K832,COMMUNITY SCHOOL DISTRICT 32,true
84K733,K733,Math  Engineering  and Science Academy Charter High School,Charter,General Academic,High school,09 10 11 12,09 10 11 12,Jul 1 2013,Open,K291,231 PALMETTO STREET,BROOKLYN,NY,11221,32,84,K01D,OFFICE OF CHARTER SCHOOLS,true
04M038,M038,P.S. 38 Roberto Clemente,DOE,General Academic,Elementary,PK 0K 01 02 03 04 05 SE,PK 0K 01 02 03 04 05,Jul 1 1999,Open,M121,232 EAST 103 STREET,MANHATTAN,NY,10029,4,4,M804,COMMUNITY SCHOOL DISTRICT 04,true
84M382,M382,DREAM Charter School,Charter,General Academic,Early Childhood,0K 01 02 03 04 05 06 SE,0K 01 02 03 04 05 06 07 08,Jul 1 2008,Open,M121,232 EAST 103 STREET,MANHATTAN,NY,10029,4,84,K01D,OFFICE OF CHARTER SCHOOLS,true
04M409,M409,Coalition School for Social Change,DOE,General Academic,High school,09 10 11 12 SE,09 10 11 12,Jun 5 1996,Open,M045,2351 1ST AVENUE,MANHATTAN,NY,10035,4,4,M804,COMMUNITY SCHOOL DISTRICT 04,true
84M335,M335,Harlem Village Academy Leadership Charter School,Charter,General Academic,Secondary School,0K 01 05 06 07 08 09 10 11 12,01 05 06 07 08 K,Jul 1 2005,Open,M045,2351 1ST AVENUE,MANHATTAN,NY,10035,4,84,K01D,OFFICE OF CHARTER SCHOOLS,true
07X154,X154,P.S. 154 Jonathan D. Hyatt,DOE,General Academic,Elementary,PK 0K 01 02 03 04 05 SE,PK 0K 01 02 03 04 05,Jul 1 1962,Open,X154,333 EAST 135 STREET,BRONX,NY,10454,7,7,X807,COMMUNITY SCHOOL DISTRICT 07,true
84X364,X364,South Bronx Classical Charter School II,Charter,General Academic,Elementary,0K 01 02 03 04 05,0K 01 02 03 04 05,Jul 1 2013,Open,X154,333 EAST 135 STREET,BRONX,NY,10454,7,84,K01D,OFFICE OF CHARTER SCHOOLS,true
03M241,M241,STEM Institute of Manhattan,DOE,General Academic,K-8,0K 01 02 03 04 05 SE,0K 01 02 03 04 05,Jul 1 1999,Open,M113,240 WEST 113 STREET,MANHATTAN,NY,10026,3,3,M803,COMMUNITY SCHOOL DISTRICT 03,true
84M279,M279,The Opportunity Charter School,Charter,General Academic,Secondary School,06 07 08 09 10 11 12 SE,06 07 08 09 10 11 12,Sep 8 2004,Open,M113,240 WEST 113 STREET,MANHATTAN,NY,10026,3,84,K01D,OFFICE OF CHARTER SCHOOLS,true
84M386,M386,Success Academy Charter School - Harlem 4,Charter,General Academic,Elementary,0K 01 02 03 04 05 06 SE,0K 01 02 03 04 05 06 07 08,Jul 1 2008,Open,M113,240 WEST 113 STREET,MANHATTAN,NY,10026,3,84,K01D,OFFICE OF CHARTER SCHOOLS,true
13K270,K270,P.S. 270 Johann DeKalb,DOE,General Academic,Elementary,0K 01 02 03 04 05 SE,PK 0K 01 02 03 04 05,Jul 1 1959,Open,K270,241 EMERSON PLACE,BROOKLYN,NY,11205,13,13,K813,COMMUNITY SCHOOL DISTRICT 13,true
84K702,K702,Community Partnership Charter School,Charter,General Academic,K-8,0K 01 02 03 04 05 06 07 08 SE,0K 01 02 03 04 05,Apr 4 2000,Open,K270,241 EMERSON PLACE,BROOKLYN,NY,11205,13,84,K01D,OFFICE OF CHARTER SCHOOLS,true
07X031,X031,P.S./M.S. 031 The William Lloyd Garrison,DOE,General Academic,K-8,0K 01 02 03 04 05 06 07 08 SE,PK 0K 01 02 03 04 05 06 07 08,Sep 1 1899,Open,X151,250 EAST 156 STREET,BRONX,NY,10451,7,7,X807,COMMUNITY SCHOOL DISTRICT 07,true
07X151,X151,J.H.S. 151 Lou Gehrig,DOE,General Academic,Junior High-Intermediate-Middle,06 07 08 SE,6/7/2008,Jul 1 1971,Open,X151,250 EAST 156 STREET,BRONX,NY,10451,7,7,X807,COMMUNITY SCHOOL DISTRICT 07,true
84X704,X704,KIPP Academy Charter School,Charter,General Academic,K-12 all grades,0K 01 02 03 04 05 06 07 08 09 10 11 12 SE,0K 01 02 03 04 05 06 07 08 09 10 11 12,May 4 2000,Open,X151,250 EAST 156 STREET,BRONX,NY,10451,7,84,K01D,OFFICE OF CHARTER SCHOOLS,true
05M154,M154,P.S. 154 Harriet Tubman,DOE,General Academic,Elementary,0K 01 02 03 04 05 SE,PK 0K 01 02 03 04 05,Jul 1 1964,Open,M154,250 WEST 127 STREET,MANHATTAN,NY,10027,5,5,M805,COMMUNITY SCHOOL DISTRICT 05,true
84M065,M065,Democracy Prep Endurance Charter School,Charter,General Academic,Junior High-Intermediate-Middle,06 07 SE,6/7/2008,Jul 1 2012,Open,M154,250 WEST 127 STREET,MANHATTAN,NY,10027,5,84,K01D,OFFICE OF CHARTER SCHOOLS,true
07X259,X259,H.E.R.O. High (Health  Education  and Research Occupations High School),DOE,Career Technical,High school,09 SE,09 10 11 12 13 14,Jul 1 2013,Open,X655,455 SOUTHERN BLVD,BRONX,NY,10455,7,7,X807,COMMUNITY SCHOOL DISTRICT 07,true
07X557,X557,Mott Haven Community High School,DOE,Transfer School,High school,09 10 11 SE,09 10 11 12,Jul 1 2012,Open,X655,455 SOUTHERN BLVD,BRONX,NY,10455,7,7,X807,COMMUNITY SCHOOL DISTRICT 07,true
07X655,X655,Samuel Gompers Career and Technical Education High School,DOE,Career Technical,High school,09 10 11 12 SE,09 10 11 12,Jul 1 1935,Open,X655,455 SOUTHERN BLVD,BRONX,NY,10455,7,7,X807,COMMUNITY SCHOOL DISTRICT 07,true
84X208,X208,New Visions Charter High School for the Humanities II,Charter,General Academic,High school,09 10 SE,09 10 11 12,Jul 1 2012,Open,X655,455 SOUTHERN BLVD,BRONX,NY,10455,7,84,K01D,OFFICE OF CHARTER SCHOOLS,true
07X500,X500,Hostos-Lincoln Academy of Science,DOE,General Academic,Secondary School,06 07 08 09 10 11 12 SE,06 07 08 09 10 11 12,Jun 5 1996,Open,X162,600 SAINT ANN'S AVENUE,BRONX,NY,10455,7,7,X807,COMMUNITY SCHOOL DISTRICT 07,true
07X162,X162,J.H.S. 162 Lola Rodriguez De Tio,DOE,General Academic,Junior High-Intermediate-Middle,06 07 08 SE,6/7/2008,Jul 1 1971,Open,X162,600 SAINT ANN'S AVENUE,BRONX,NY,10455,7,7,X807,COMMUNITY SCHOOL DISTRICT 07,true
84X393,X393,University Prep Charter High School,Charter,General Academic,High school,09 10 11 12,09 10 11 12,Jul 1 2008,Open,X162,600 SAINT ANN'S AVENUE,BRONX,NY,10455,7,84,K01D,OFFICE OF CHARTER SCHOOLS,true
15K676,K676,RED HOOK NEIGHBORHOOD SCHOOL,DOE,General Academic,Elementary,0K 01 02 03 04 05 SE,PK 0K 01 02 03 04 05,Jul 1 2009,Open,K027,27 HUNTINGTON STREET,BROOKLYN,NY,11231,15,15,K815,COMMUNITY SCHOOL DISTRICT 15,true
84K730,K730,Summit Academy Charter School,Charter,General Academic,Secondary School,06 07 08 09 10 SE,06 07 08 09 10 11 12,Jul 1 2009,Open,K027,27 HUNTINGTON STREET,BROOKLYN,NY,11231,15,84,K01D,OFFICE OF CHARTER SCHOOLS,true
15K497,K497,School for International Studies,DOE,General Academic,Secondary School,06 07 08 09 10 11 12 SE,06 07 08 09 10 11 12,Jul 1 2001,Open,K293,284 BALTIC STREET,BROOKLYN,NY,11201,15,15,K815,COMMUNITY SCHOOL DISTRICT 15,true
15K429,K429,Brooklyn School for Global Studies,DOE,General Academic,Secondary School,06 07 08 09 10 11 12 SE,06 07 08 09 10 11 12,Jun 5 1996,Open,K293,284 BALTIC STREET,BROOKLYN,NY,11201,15,15,K815,COMMUNITY SCHOOL DISTRICT 15,true
84K129,K129,Success Academy Charter School - Cobble Hill,Charter,General Academic,Elementary,0K 01 02 SE,0K 01 02 03 04 05 06 07 08,Jul 1 2012,Open,K293,284 BALTIC STREET,BROOKLYN,NY,11201,15,84,K01D,OFFICE OF CHARTER SCHOOLS,true
22K611,K611,Origins High School,DOE,General Academic,High school,09 SE,09 10 11 12,Jul 1 2013,Open,K495,3000 AVENUE X,BROOKLYN,NY,11235,22,22,K822,COMMUNITY SCHOOL DISTRICT 22,true
22K630,K630,Professional Pathways High School,DOE,Transfer School,High school,09 10 11 12,09 10 11 12,Jul 1 2013,Open,K495,3000 AVENUE X,BROOKLYN,NY,11235,22,22,K822,COMMUNITY SCHOOL DISTRICT 22,true
22K495,K495,Sheepshead Bay High School,DOE,General Academic,High school,09 10 11 12 SE,09 10 11 12,Jul 1 1959,Open,K495,3000 AVENUE X,BROOKLYN,NY,11235,22,22,K822,COMMUNITY SCHOOL DISTRICT 22,true
84K738,K738,New Visions Charter High School for Advanced Math and Science III,Charter,General Academic,High school,09 10 11 12,09 10 11 12,Jul 1 2013,Open,K495,3000 AVENUE X,BROOKLYN,NY,11235,22,84,K01D,OFFICE OF CHARTER SCHOOLS,true
84K739,K739,New Visions Charter High School for the Humanities III,Charter,General Academic,High school,09 10 11 12,09 10 11 12,Jul 1 2013,Open,K495,3000 AVENUE X,BROOKLYN,NY,11235,22,84,K01D,OFFICE OF CHARTER SCHOOLS,true
05M123,M123,P.S. 123 Mahalia Jackson,DOE,General Academic,K-8,0K 01 02 03 04 05 06 07 08 SE,PK 0K 01 02 03 04 05 06 07 08,Jul 1 1959,Open,M123,301 WEST 140 STREET,MANHATTAN,NY,10030,5,5,M805,COMMUNITY SCHOOL DISTRICT 05,true
84M482,M482,Success Academy Charter School - Harlem 5,Charter,General Academic,K-8,0K 01 02 03 04 SE,0K 01 02 03 04 05 06 07 08,Jun 1 2010,Open,M123,301 WEST 140 STREET,MANHATTAN,NY,10030,5,84,K01D,OFFICE OF CHARTER SCHOOLS,true
19K328,K328,P.S. 328 Phyllis Wheatley,DOE,General Academic,K-8,PK 0K 01 02 03 04 05 07 08 SE,PK 0K 01 02 03 04 05,Jul 1 1967,Open,K328,330 ALABAMA AVENUE,BROOKLYN,NY,11207,19,19,K819,COMMUNITY SCHOOL DISTRICT 19,true
84K769,K769,Hyde Leadership Charter School- Brooklyn,Charter,General Academic,K-12 all grades,01 02 03 04,0K 01 02 03 04 05 06 07 08 09 10 11 12,Jun 1 2010,Open,K328,330 ALABAMA AVENUE,BROOKLYN,NY,11207,19,84,K01D,OFFICE OF CHARTER SCHOOLS,true
07X551,X551,The Urban Assembly Bronx Academy of Letters,DOE,General Academic,Secondary School,06 07 08 09 10 11 12 SE,06 07 08 09 10 11 12 SE,Jul 1 2003,Open,X183,339 MORRIS AVENUE,BRONX,NY,10451,7,7,X807,COMMUNITY SCHOOL DISTRICT 07,true
07X203,X203,M.S. 203,DOE,General Academic,Junior High-Intermediate-Middle,06 07 08 SE,6/7/2008,Jul 1 2001,Open,X183,339 MORRIS AVENUE,BRONX,NY,10451,7,7,X807,COMMUNITY SCHOOL DISTRICT 07,true
75X168,X168,P.S. 168,DOE,Special Education,K-12 all grades,PK 0K 01 02 03 04 05 06 07 08 09 10 11 12 SE,PK 01 02 03 04 05 06 07 08 09 10 11 12 SE,May 30 1997,Open,X183,339 MORRIS AVENUE,BRONX,NY,10451,7,75,M02I,CITYWIDE SPECIAL EDUCATION,true
84X493,X493,Success Academy Charter School - Bronx 1,Charter,General Academic,K-8,0K 01 02 03 04 SE,0K 01 02 03 04 05 06 07 08,Jun 1 2010,Open,X183,339 MORRIS AVENUE,BRONX,NY,10451,7,84,K01D,OFFICE OF CHARTER SCHOOLS,true
19K661,K661,Vista Academy,DOE,General Academic,Junior High-Intermediate-Middle,06 SE,6/7/2008,Jul 1 2013,Open,K302,350 LINWOOD STREET,BROOKLYN,NY,11208,19,19,K819,COMMUNITY SCHOOL DISTRICT 19,true
19K662,K662,Liberty Avenue Middle School,DOE,General Academic,Junior High-Intermediate-Middle,06 SE,6/7/2008,Jul 1 2013,Open,K302,350 LINWOOD STREET,BROOKLYN,NY,11208,19,19,K819,COMMUNITY SCHOOL DISTRICT 19,true
19K302,K302,J.H.S. 302 Rafael Cordero,DOE,General Academic,Junior High-Intermediate-Middle,06 07 08 SE,6/7/2008,Jul 1 1970,Open,K302,350 LINWOOD STREET,BROOKLYN,NY,11208,19,19,K819,COMMUNITY SCHOOL DISTRICT 19,true
84K774,K774,Achievement First Apollo Charter School,Charter,General Academic,K-12 all grades,0K 01 02 03 04,0K 01 02 03 04 05 06 07 08 09 10 11 12,Jun 1 2010,Open,K302,350 LINWOOD STREET,BROOKLYN,NY,11208,19,84,K01D,OFFICE OF CHARTER SCHOOLS,true
23K150,K150,P.S. 150 Christopher,DOE,General Academic,K-8,0K 01 02 03 04 05 SE,0K 01 02 03 04 05 SE,Jul 1 1907,Open,K150,364 SACKMAN STREET,BROOKLYN,NY,11212,23,23,K823,COMMUNITY SCHOOL DISTRICT 23,true
84K710,K710,Brownsville Collegiate Charter School,Charter,General Academic,Secondary School,05 06 07 08 09 10 SE,05 06 07 08 09 10 11 12,Jul 1 2009,Open,K150,364 SACKMAN STREET,BROOKLYN,NY,11212,23,84,K01D,OFFICE OF CHARTER SCHOOLS,true
19K218,K218,J.H.S. 218 James P. Sinnott,DOE,General Academic,Junior High-Intermediate-Middle,06 07 08 SE,06 07 08 09 10,Jul 1 1964,Open,K218,370 FOUNTAIN AVENUE,BROOKLYN,NY,11208,19,19,K819,COMMUNITY SCHOOL DISTRICT 19,true
19K683,K683,THE SCHOOL FOR CLASSICS: AN ACADEMY OF THINKERS  WRITERS AND PERFORMERS,DOE,General Academic,High school,09 10 11 12 SE,09 10 11 12,Jul 1 2009,Open,K218,370 FOUNTAIN AVENUE,BROOKLYN,NY,11208,19,19,K819,COMMUNITY SCHOOL DISTRICT 19,true
84K386,K386,Invictus Preparatory Charter School,Charter,General Academic,Junior High-Intermediate-Middle,5/6/2007,05 06 07 08,Jul 1 2011,Open,K218,370 FOUNTAIN AVENUE,BROOKLYN,NY,11208,19,84,K01D,OFFICE OF CHARTER SCHOOLS,true
11X111,X111,P.S. 111 Seton Falls,DOE,General Academic,Elementary,PK 0K 01 02 03 04 05 SE,PK 0K 01 02 03 04 05,Jul 1 1963,Open,X111,3740 BAYCHESTER AVENUE,BRONX,NY,10466,11,11,X10C,COMMUNITY SCHOOL DISTRICT 11,true
84X718,X718,Bronx Charter School for Better Learning,Charter,General Academic,Elementary,0K 01 02 03 04 05,0K 01 02 03 04 05,Jul 1 2001,Open,X937,3740 BAYCHESTER AVENUE,BRONX,NY,10466,11,84,K01D,OFFICE OF CHARTER SCHOOLS,true
07X049,X049,P.S. 049 Willis Avenue,DOE,General Academic,Elementary,PK 0K 01 02 03 04 05 SE,PK 0K 01 02 03 04 05,Jul 1 1965,Open,X049,383 EAST 139 STREET,BRONX,NY,10454,7,7,X807,COMMUNITY SCHOOL DISTRICT 07,true
84X309,X309,South Bronx Charter School for International Cultures and the Arts,Charter,General Academic,Elementary,0K 01 02 03 04 05,0K 01 02 03 04 05,Jul 1 2005,Open,X049,383 EAST 139 STREET,BRONX,NY,10454,7,84,K01D,OFFICE OF CHARTER SCHOOLS,true
02M399,M399,THE HIGH SCHOOL FOR LANGUAGE AND DIPLOMACY,DOE,General Academic,High school,09 10 11 12 SE,09 10 11 12,Jul 1 2009,Open,M460,40 IRVING PLACE,MANHATTAN,NY,10003,2,2,M802,COMMUNITY SCHOOL DISTRICT 02,true
02M438,M438,INTERNATIONAL HIGH SCHOOL AT UNION SQUARE,DOE,General Academic,High school,09 10 11 12 SE,09 10 11 12,Jul 1 2010,Open,M460,40 IRVING PLACE,MANHATTAN,NY,10003,2,2,M802,COMMUNITY SCHOOL DISTRICT 02,true
02M533,M533,Union Square Academy for Health Sciences,DOE,General Academic,High school,09 10 SE,09 10 11 12,Jul 1 2012,Open,M460,40 IRVING PLACE,MANHATTAN,NY,10003,2,2,M802,COMMUNITY SCHOOL DISTRICT 02,true
02M374,M374,Gramercy Arts High School,DOE,General Academic,High school,09 10 11 12 SE,09 10 11 12,Jul 1 2008,Open,M460,40 IRVING PLACE,MANHATTAN,NY,10003,2,2,M802,COMMUNITY SCHOOL DISTRICT 02,true
02M546,M546,Academy for Software Engineering,DOE,General Academic,High school,09 10 SE,09 10 11 12,Jul 1 2012,Open,M460,40 IRVING PLACE,MANHATTAN,NY,10003,2,2,M802,COMMUNITY SCHOOL DISTRICT 02,true
02M460,M460,Washington Irving High School,DOE,General Academic,High school,09 10 11 12 SE,09 10 11 12,Jul 1 1913,Open,M460,40 IRVING PLACE,MANHATTAN,NY,10003,2,2,M802,COMMUNITY SCHOOL DISTRICT 02,true
84M174,M174,Success Academy Union Square (Manhattan 1),Charter,General Academic,Elementary,0K 01 02 03 04 05,0K 01 02 03 04 05,Jul 1 2013,Open,M460,40 IRVING PLACE,MANHATTAN,NY,10003,2,84,K01D,OFFICE OF CHARTER SCHOOLS,true
04M224,M224,M.S. 224 Manhattan East School for Arts & Academics,DOE,General Academic,Junior High-Intermediate-Middle,06 07 08 SE,6/7/2008,Jul 1 2000,Open,M099,410 EAST 100 STREET,MANHATTAN,NY,10029,4,4,M804,COMMUNITY SCHOOL DISTRICT 04,true
04M635,M635,Academy of Environmental Science Secondary High School,DOE,General Academic,Secondary School,10 11 12 SE,09 10 11 12,Aug 4 1997,Open,M099,410 EAST 100 STREET,MANHATTAN,NY,10029,4,4,M804,COMMUNITY SCHOOL DISTRICT 04,true
84M385,M385,Success Academy Charter School - Harlem 3,Charter,General Academic,K-8,0K 01 02 03 04 05 06 SE,0K 01 02 03 04 05 06 07 08,Jul 1 2008,Open,M099,410 EAST 100 STREET,MANHATTAN,NY,10029,4,84,K01D,OFFICE OF CHARTER SCHOOLS,true
84M433,M433,Renaissance Charter High School for Innovation,Charter,General Academic,High school,09 10 11 12,09 10 11 12,Jun 1 2010,Open,M099,410 EAST 100 STREET,MANHATTAN,NY,10029,4,84,K01D,OFFICE OF CHARTER SCHOOLS,true
11X160,X160,P.S. 160 Walt Disney,DOE,General Academic,Elementary,0K 01 02 03 04 05 06 SE,0K 01 02 03 04 05,Jul 1 1972,Open,X160,4140 HUTCHINSON RIVER PKWAY EA,BRONX,NY,10475,11,11,X10C,COMMUNITY SCHOOL DISTRICT 11,true
84X488,X488,The Equality Charter School,Charter,General Academic,Secondary School,06 07 08 SE,06 07 08 09 10 11 12,Jul 1 2009,Open,X160,4140 HUTCHINSON RIVER PKWAY EA,BRONX,NY,10475,11,84,K01D,OFFICE OF CHARTER SCHOOLS,true
84X256,X256,Heketi Community Charter School,Charter,General Academic,Elementary,0K 01 02 SE,0K 01 02 03 04 05,Jul 1 2012,Open,XAFI,423 East 138th Street,Bronx,NY,10454,7,84,K01D,OFFICE OF CHARTER SCHOOLS,true
84X554,X554,New York City Montessori Charter School,Charter,General Academic,Elementary,0K 01 02 03 SE,0K 01 02 03 04 05,Jul 1 2011,Open,XAFI,423 East 138th Street,Bronx,NY,10454,7,84,K01D,OFFICE OF CHARTER SCHOOLS,true
14K126,K126,John Ericsson Middle School 126,DOE,General Academic,Junior High-Intermediate-Middle,06 07 08 SE,6/7/2008,Jul 1 1966,Open,K126,424 LEONARD STREET,BROOKLYN,NY,11222,14,14,K814,COMMUNITY SCHOOL DISTRICT 14,true
84K689,K689,Citizens of the World Charter School 1,Charter,General Academic,Elementary,0K 01 02 03 04 05,0K 01 02 03 04 05,Jul 1 2013,Open,K126,424 LEONARD STREET,BROOKLYN,NY,11222,14,84,K01D,OFFICE OF CHARTER SCHOOLS,true
84K693,K693,Believe Northside Charter High School,Charter,General Academic,High school,09 10 11 12,09 10 11 12,Jul 1 2009,Open,K126,424 LEONARD STREET,BROOKLYN,NY,11222,14,84,K01D,OFFICE OF CHARTER SCHOOLS,true
13K044,K044,P.S. 044 Marcus Garvey,DOE,General Academic,Elementary,0K 01 02 03 04 05 SE,PK 0K 01 02 03 04 05,Jul 1 1951,Open,K044,432 MONROE STREET,BROOKLYN,NY,11221,13,13,K813,COMMUNITY SCHOOL DISTRICT 13,true
84K757,K757,Unity Prep Charter School,Charter,General Academic,Junior High-Intermediate-Middle,6/7/2008,06 07 08 09 10,Jul 1 2013,Open,K044,432 MONROE STREET,BROOKLYN,NY,11221,13,84,K01D,OFFICE OF CHARTER SCHOOLS,true
04M050,M050,P.S. 050 Vito Marcantonio,DOE,General Academic,K-8,01 02 03 04 05 06 07 08 SE,0K 01 02 03 04 05 06 07 08,Jul 1 1975,Open,M050,433 EAST 100 STREET,MANHATTAN,NY,10029,4,4,M804,COMMUNITY SCHOOL DISTRICT 04,true
84M337,M337,New York Center for Autism Charter School,Charter,Special Education,Ungraded,01 02 03 05 06 07 08 09 10 11 12 SE,0K 01 02 03 04 05 06 07 08 09 10 11 12,Jul 1 2005,Open,M050,433 EAST 100 STREET,MANHATTAN,NY,10029,4,84,K01D,OFFICE OF CHARTER SCHOOLS,true
02M135,M135,The Urban Assembly School for Emergency Management,DOE,Career Technical,High school,09 SE,09 10 11 12,Jul 1 2013,Open,M625,439 WEST 49TH STREET,MANHATTAN,NY,10019,2,2,M802,COMMUNITY SCHOOL DISTRICT 02,true
02M507,M507,Urban Assembly Gateway School for Technology,DOE,General Academic,High school,09 10 11 SE,09 10 11 12,Jul 1 2011,Open,M625,439 WEST 49TH STREET,MANHATTAN,NY,10019,2,2,M802,COMMUNITY SCHOOL DISTRICT 02,true
02M393,M393,BUSINESS OF SPORTS SCHOOL,DOE,Career Technical,High school,09 10 11 12 SE,09 10 11 12,Jul 1 2009,Open,M625,439 WEST 49TH STREET,MANHATTAN,NY,10019,2,2,M802,COMMUNITY SCHOOL DISTRICT 02,true
02M625,M625,High School of Graphic Communication Arts,DOE,Career Technical,High school,09 10 11 12 SE,09 10 11 12,Jul 1 1958,Open,M625,439 WEST 49TH STREET,MANHATTAN,NY,10019,2,2,M802,COMMUNITY SCHOOL DISTRICT 02,true
84M170,M170,Success Academy Hell's Kitchen (Manhattan 2),Charter,General Academic,Elementary,0K 01 02 03 04 05,0K 01 02 03 04 05,Jul 1 2013,Open,M625,439 WEST 49TH STREET,MANHATTAN,NY,10019,2,84,K01D,OFFICE OF CHARTER SCHOOLS,true
01M188,M188,P.S. 188 The Island School,DOE,General Academic,K-8,PK 0K 01 02 03 04 05 06 07 08 SE,PK 0K 01 02 03 04 05 06 07 08,Jul 1 1904,Open,M188,442 EAST HOUSTON STREET,MANHATTAN,NY,10002,1,1,M801,COMMUNITY SCHOOL DISTRICT 01,true
84M330,M330,Girls Preparatory Charter School of New York,Charter,General Academic,K-8,0K 01 02 03 04 05 06 07 08 SE,0K 01 02 03 04 05,Jul 1 2005,Open,M188,442 EAST HOUSTON STREET,MANHATTAN,NY,10002,1,84,K01D,OFFICE OF CHARTER SCHOOLS,true
17K705,K705,Brooklyn Arts and Science Elementary School,DOE,General Academic,Elementary,PK 0K 01 02 03 04 SE,PK 0K 01 02 03 04 05,Jul 1 2012,Open,K022,443 ST MARKS AVENUE,BROOKLYN,NY,11238,17,17,K817,COMMUNITY SCHOOL DISTRICT 17,true
17K022,K022,P.S. 022,DOE,General Academic,Elementary,04 05 SE,0K 01 02 03 04 05,Jul 1 1996,Open,K022,443 ST MARKS AVENUE,BROOKLYN,NY,11238,17,17,K817,COMMUNITY SCHOOL DISTRICT 17,true
84K333,K333,Explore Exceed Charter School,Charter,General Academic,K-8,0K 01 02 03 04 SE,0K 01 02 03 04 05 06 07 08,Jul 1 2012,Open,K022,443 ST MARKS AVENUE,BROOKLYN,NY,11238,17,84,K01D,OFFICE OF CHARTER SCHOOLS,true
09X055,X055,P.S. 055 Benjamin Franklin,DOE,General Academic,Elementary,PK 0K 01 02 03 04 05 SE,PK 0K 01 02 03 04 05,Jul 1 1916,Open,X055,450 SAINT PAUL'S PLACE,BRONX,NY,10456,9,9,X809,COMMUNITY SCHOOL DISTRICT 09,true
84X494,X494,Success Academy Charter School - Bronx 2,Charter,General Academic,K-8,0K 01 02 03 04 SE,0K 01 02 03 04 05 06 07 08,Jun 1 2010,Open,X055,450 SAINT PAUL'S PLACE,BRONX,NY,10456,9,84,K01D,OFFICE OF CHARTER SCHOOLS,true
21K303,K303,I.S. 303 Herbert S. Eisenberg,DOE,General Academic,Junior High-Intermediate-Middle,06 07 08 SE,6/7/2008,Jul 1 1965,Open,K303,501 WEST AVENUE,BROOKLYN,NY,11224,21,21,K03G,COMMUNITY SCHOOL DISTRICT 21,true
84K744,K744,Coney Island Preparatory Public Charter School,Charter,General Academic,Secondary School,05 06 07 08 09 SE,05 06 07 08 09 10 11 12,Jul 1 2009,Open,K303,501 WEST AVENUE,BROOKLYN,NY,11224,21,84,K01D,OFFICE OF CHARTER SCHOOLS,true
23K401,K401,Christopher Avenue Community School,DOE,General Academic,Elementary,0K 01 02 03 04 SE,PK 0K 01 02 03 04 05,Jul 1 2011,Open,K332,51 CHRISTOPHER AVENUE,BROOKLYN,NY,11212,23,23,K823,COMMUNITY SCHOOL DISTRICT 23,true
23K332,K332,P.S. 332 Charles H. Houston,DOE,General Academic,K-8,04 05 08 SE,PK 0K 01 02 03 04 05 06 07 08,Jul 1 1967,Open,K332,51 CHRISTOPHER AVENUE,BROOKLYN,NY,11212,23,23,K823,COMMUNITY SCHOOL DISTRICT 23,true
84K775,K775,Leadership Preparatory Ocean Hill Charter School,Charter,General Academic,K-8,0K 01 02 03 04 05,0K 01 02 03 04 05 06 07 08,Jun 1 2010,Open,K332,51 CHRISTOPHER AVENUE,BROOKLYN,NY,11212,23,84,K01D,OFFICE OF CHARTER SCHOOLS,true
13K067,K067,P.S. 067 Charles A. Dorsey,DOE,General Academic,Elementary,PK 0K 01 02 03 04 05 SE,PK 0K 01 02 03 04 05,Jul 1 1923,Open,K067,51 SAINT EDWARDS STREET,BROOKLYN,NY,11205,13,13,K813,COMMUNITY SCHOOL DISTRICT 13,true
84K536,K536,Community Roots Charter School,Charter,General Academic,K-8,0K 01 02 03 04 05 06 07 SE,0K 01 02 03 04 05 06 07 08,Jul 1 2006,Open,K067,51 SAINT EDWARDS STREET,BROOKLYN,NY,11205,13,84,K01D,OFFICE OF CHARTER SCHOOLS,true
14K023,K023,P.S. 023 Carter G. Woodson,DOE,General Academic,Elementary,PK 0K 01 02 03 04 05 SE,PK 0K 01 02 03 04 05,Jul 1 1966,Open,K023,545 WILLOUGHBY AVENUE,BROOKLYN,NY,11206,14,14,K814,COMMUNITY SCHOOL DISTRICT 14,true
84K701,K701,Brooklyn Charter School,Charter,General Academic,Elementary,01 02 03 04 05,0K 01 02 03 04 05,Apr 4 2000,Open,K023,545 WILLOUGHBY AVENUE,BROOKLYN,NY,11206,14,84,K01D,OFFICE OF CHARTER SCHOOLS,true
19K013,K013,P.S. 013 Roberto Clemente,DOE,General Academic,Elementary,PK 0K 01 02 03 04 05 SE,PK 0K 01 02 03 04 05,Jul 1 1975,Open,K013,557 PENNSYLVANIA AVENUE,BROOKLYN,NY,11207,19,19,K819,COMMUNITY SCHOOL DISTRICT 19,true
84K358,K358,Achievement First East New York Charter School,Charter,General Academic,K-12 all grades,0K 01 02 03 04 05 06 07 08 09 SE,0K 01 02 03 04 05 06 07 08 09 10 11 12,Jul 1 2005,Open,K013,557 PENNSYLVANIA AVENUE,BROOKLYN,NY,11207,19,84,K01D,OFFICE OF CHARTER SCHOOLS,true
18K629,K629,Cultural Academy for the Arts and Sciences,DOE,General Academic,High school,09 10 11 12 SE,09 10 11 12,Jul 1 2008,Open,K415,5800 TILDEN AVENUE,BROOKLYN,NY,11203,18,18,K818,COMMUNITY SCHOOL DISTRICT 18,true
18K569,K569,Kurt Hahn Expeditionary Learning School,DOE,General Academic,High school,09 10 11 12 SE,06 07 08 09 10 11 12,Jul 1 2007,Open,K415,5800 TILDEN AVENUE,BROOKLYN,NY,11203,18,18,K818,COMMUNITY SCHOOL DISTRICT 18,true
18K563,K563,It Takes a Village Academy,DOE,General Academic,High school,02 09 10 11 12 SE,06 07 08 09 10 11 12,Jul 1 2007,Open,K415,5800 TILDEN AVENUE,BROOKLYN,NY,11203,18,18,K818,COMMUNITY SCHOOL DISTRICT 18,true
84K736,K736,New American Academy Charter School,Charter,General Academic,Elementary,0K 01 02 03 04 05,0K 01 02 03 04 05,Jul 1 2013,Open,K415,5800 TILDEN AVENUE,BROOKLYN,NY,11203,18,84,K01D,OFFICE OF CHARTER SCHOOLS,true
17K092,K092,P.S. 092 Adrian Hegeman,DOE,General Academic,Elementary,PK 0K 01 02 03 04 05 SE,PK 0K 01 02 03 04 05,Jul 1 1906,Open,K092,601 PARKSIDE AVENUE,BROOKLYN,NY,11226,17,17,K817,COMMUNITY SCHOOL DISTRICT 17,true
84K796,K796,Lefferts Gardens Charter School,Charter,General Academic,Elementary,0K 01 02 03 04,0K 01 02 03 04 05,Jun 1 2010,Open,K092,601 PARKSIDE AVENUE,BROOKLYN,NY,11226,17,84,K01D,OFFICE OF CHARTER SCHOOLS,true
16K308,K308,P.S. 308 Clara Cardwell,DOE,General Academic,K-8,0K 01 02 03 04 05 06 07 08 SE,PK 0K 01 02 03 04 05 06 07 08,Jul 1 1975,Open,K308,616 QUINCY STREET,BROOKLYN,NY,11221,16,16,K816,COMMUNITY SCHOOL DISTRICT 16,true
84K406,K406,Teaching Firms of America-Professional Preparatory Charter School,Charter,General Academic,Elementary,0K 01 02 03 SE,0K 01 02 03 04 05,Jul 1 2011,Open,K308,616 QUINCY STREET,BROOKLYN,NY,11221,16,84,K01D,OFFICE OF CHARTER SCHOOLS,true
05M514,M514,New Design Middle School,DOE,General Academic,Junior High-Intermediate-Middle,06 07 08 SE,6/7/2008,Jul 1 2011,Open,M195,625 WEST 133 STREET,MANHATTAN,NY,10027,5,5,M805,COMMUNITY SCHOOL DISTRICT 05,true
05M195,M195,I.S. 195 Roberto Clemente,DOE,General Academic,Junior High-Intermediate-Middle,8,6/7/2008,Jul 1 1975,Open,M195,625 WEST 133 STREET,MANHATTAN,NY,10027,5,5,M805,COMMUNITY SCHOOL DISTRICT 05,true
84M336,M336,KIPP Infinity Charter School,Charter,General Academic,K-12 all grades,0K 01 02 03 05 06 07 08 09 10 11 12 SE,0K 01 02 03 04 05 06 07 08 09 10 11 12,Jul 1 2005,Open,M195,625 WEST 133 STREET,MANHATTAN,NY,10027,5,84,K01D,OFFICE OF CHARTER SCHOOLS,true
17K002,K002,Parkside Preparatory Academy,DOE,General Academic,Junior High-Intermediate-Middle,06 07 08 SE,6/7/2008,Jul 1 1994,Open,K002,655 PARKSIDE AVENUE,BROOKLYN,NY,11226,17,17,K817,COMMUNITY SCHOOL DISTRICT 17,true
75K141,K141,P.S. K141,DOE,Special Education,K-12 all grades,PK 0K 01 02 03 04 05 06 07 08 09 10 11 12 SE,PK 0K 01 02 03 04 05 06 07 08 09 10 11 SE,Apr 18 1996,Open,K002,655 PARKSIDE AVENUE,BROOKLYN,NY,11226,17,75,M02I,CITYWIDE SPECIAL EDUCATION,true
84K704,K704,Explore Charter School,Charter,General Academic,K-8,0K 01 02 03 04 05 06 07 08 SE,0K 01 02 03 04 05 06 07 08,Jul 1 2001,Open,K002,655 PARKSIDE AVENUE,BROOKLYN,NY,11226,17,84,K01D,OFFICE OF CHARTER SCHOOLS,true
07X065,X065,P.S. 065 Mother Hale Academy,DOE,General Academic,Elementary,PK 0K 01 02 03 04 05 SE,PK 0K 01 02 03 04 05,Jul 1 1924,Open,X065,677 EAST 141 STREET,BRONX,NY,10454,7,7,X807,COMMUNITY SCHOOL DISTRICT 07,true
84X491,X491,Academic Leadership Charter School,Charter,General Academic,Elementary,0K 01 02 03 04 05,0K 01 02 03 04 05,Jul 1 2009,Open,X065,677 EAST 141 STREET,BRONX,NY,10454,7,84,K01D,OFFICE OF CHARTER SCHOOLS,true
08X302,X302,M.S. 302 Luisa Dessus Cruz,DOE,General Academic,Junior High-Intermediate-Middle,06 07 08 SE,6/7/2008,Jul 1 2001,Open,X052,681 KELLY STREET,BRONX,NY,10455,8,8,X808,COMMUNITY SCHOOL DISTRICT 08,true
84X487,X487,Girls Preparatory Charter School of the Bronx,Charter,General Academic,Elementary,0K 01 02 03 04 05 SE,0K 01 02 03 04 05,Jul 1 2009,Open,X052,681 KELLY STREET,BRONX,NY,10455,8,84,K01D,OFFICE OF CHARTER SCHOOLS,true
14K322,K322,Foundations Academy,DOE,General Academic,High school,09 10 11 12 SE,09 10 11 12,Jul 1 2005,Open,K033,70 TOMPKINS AVENUE,BROOKLYN,NY,11206,14,14,K814,COMMUNITY SCHOOL DISTRICT 14,true
14K330,K330,The Urban Assembly School for the Urban Environment,DOE,General Academic,Junior High-Intermediate-Middle,06 07 08 SE,6/7/2008,Jul 1 2005,Open,K033,70 TOMPKINS AVENUE,BROOKLYN,NY,11206,14,14,K814,COMMUNITY SCHOOL DISTRICT 14,true
75K368,K368,P.S. 368,DOE,Special Education,K-12 all grades,0K 01 02 03 04 05 06 07 08 09 10 11 12 SE,0K 01 02 03 04 05 06 07 08 09 10 11 12 SE,Jun 26 1989,Open,K033,70 TOMPKINS AVENUE,BROOKLYN,NY,11206,14,75,M02I,CITYWIDE SPECIAL EDUCATION,true
84K367,K367,Success Academy Charter School - Bed-Stuy 1,Charter,General Academic,K-8,0K 01 02 03 SE,0K 01 02 03 04 05 06 07 08,Jul 1 2011,Open,K033,70 TOMPKINS AVENUE,BROOKLYN,NY,11206,14,84,K01D,OFFICE OF CHARTER SCHOOLS,true
14K297,K297,P.S. 297 Abraham Stockton,DOE,General Academic,Elementary,0K 01 02 03 04 05 SE,PK 0K 01 02 03 04 05,Jul 1 1959,Open,K297,700 PARK AVENUE,BROOKLYN,NY,11206,14,14,K814,COMMUNITY SCHOOL DISTRICT 14,true
84K734,K734,The Ethical Community Charter School (TECCS),Charter,General Academic,Elementary,0K 01 02 03 04 05,0K 01 02 03 04 05,Jul 1 2009,Open,K297,700 PARK AVENUE,BROOKLYN,NY,11206,14,84,K01D,OFFICE OF CHARTER SCHOOLS,true
15K015,K015,P.S. 015 Patrick F. Daly,DOE,General Academic,Elementary,PK 0K 01 02 03 04 05 SE,PK 0K 01 02 03 04 05,Jul 1 1968,Open,K015,71 SULLIVAN STREET,BROOKLYN,NY,11231,15,15,K815,COMMUNITY SCHOOL DISTRICT 15,true
84K651,K651,PAVE Academy Charter School,Charter,General Academic,K-8,0K 01 02 03 04 05 06,0K 01 02 03 04 05 06 07 08,Jul 1 2008,Open,K015,71 SULLIVAN STREET,BROOKLYN,NY,11231,15,84,K01D,OFFICE OF CHARTER SCHOOLS,true
17K246,K246,M.S. 246 Walt Whitman,DOE,General Academic,Junior High-Intermediate-Middle,06 07 08 SE,6/7/2008,Jul 1 1939,Open,K246,72 VERONICA PLACE,BROOKLYN,NY,11226,17,17,K817,COMMUNITY SCHOOL DISTRICT 17,true
84K726,K726,Fahari Academy Charter School,Charter,General Academic,Secondary School,05 06 07 08 SE,05 06 07 08 09 10 11 12,Jul 1 2009,Open,K246,72 VERONICA PLACE,BROOKLYN,NY,11226,17,84,K01D,OFFICE OF CHARTER SCHOOLS,true
08X424,X424,The Hunts Point School,DOE,General Academic,Junior High-Intermediate-Middle,06 07 08 SE,6/7/2008,Jul 1 2008,Open,X074,730 BRYANT AVENUE,BRONX,NY,10474,8,8,X808,COMMUNITY SCHOOL DISTRICT 08,true
84X345,X345,Hyde Leadership Charter School,Charter,General Academic,K-12 all grades,0K 01 02 03 04 05 06 07 08 09 10 11 12 SE,0K 01 02 03 04 05 06 07 08 09 10 11 12,Jul 1 2006,Open,X074,730 BRYANT AVENUE,BRONX,NY,10474,8,84,K01D,OFFICE OF CHARTER SCHOOLS,true
07X359,X359,Concourse Village Elementary School,DOE,General Academic,Elementary,PK 0K 01 02 SE,PK 0K 01 02 03 04 05,Jul 1 2013,Open,X156,750 CONCOURSE VILLAGE WEST,BRONX,NY,10451,7,7,X807,COMMUNITY SCHOOL DISTRICT 07,true
07X385,X385,Performance School,DOE,General Academic,Elementary,03 04 05 SE,PK 0K 01 02 03 04 05,Jul 1 2008,Open,X156,750 CONCOURSE VILLAGE WEST,BRONX,NY,10451,7,7,X807,COMMUNITY SCHOOL DISTRICT 07,true
84X389,X389,Bronx Global Learning Institute for Girls Charter School,Charter,General Academic,Elementary,0K 01 02 03 04 05 06,0K 01 02 03 04 05,Jul 1 2008,Open,X156,750 CONCOURSE VILLAGE WEST,BRONX,NY,10451,7,84,K01D,OFFICE OF CHARTER SCHOOLS,true
17K138,K138,P.S. 138 Brooklyn,DOE,General Academic,K-8,0K 01 02 03 04 05 06 07 08 SE,PK 0K 01 02 03 04 05 06 07 08,Jul 1 1902,Open,K138,760 PROSPECT PLACE,BROOKLYN,NY,11216,17,17,K817,COMMUNITY SCHOOL DISTRICT 17,true
84K756,K756,Success Academy Prospect Heights (Brooklyn 6),Charter,General Academic,Elementary,0K 01 02 03 04 05,0K 01 02 03 04 05,Jul 1 2013,Open,K138,760 PROSPECT PLACE,BROOKLYN,NY,11216,17,84,K01D,OFFICE OF CHARTER SCHOOLS,true
17K722,K722,New Heights Middle School,DOE,General Academic,Junior High-Intermediate-Middle,06 07 SE,6/7/2008,Jul 1 2012,Open,K391,790 EAST NEW YORK AVENUE,BROOKLYN,NY,11203,17,17,K817,COMMUNITY SCHOOL DISTRICT 17,true
17K587,K587,Middle School for the Arts,DOE,General Academic,Junior High-Intermediate-Middle,07 08 SE,6/7/2008,Sep 8 2004,Open,K391,790 EAST NEW YORK AVENUE,BROOKLYN,NY,11203,17,17,K817,COMMUNITY SCHOOL DISTRICT 17,true
84K356,K356,Achievement First Crown Heights Charter School,Charter,General Academic,K-12 all grades,0K 01 02 03 04 05 06 07 08 09 10 11 12,0K 01 02 03 04 05 06 07 08 09 10 11 12,Jul 1 2005,Open,K391,790 EAST NEW YORK AVENUE,BROOKLYN,NY,11203,17,84,K01D,OFFICE OF CHARTER SCHOOLS,true
17K221,K221,P.S. 221 Toussaint L'Ouverture,DOE,General Academic,Elementary,0K 01 02 03 04 05 SE,PK 0K 01 02 03 04 05,Jul 1 1940,Open,K221,791 EMPIRE BOULEVARD,BROOKLYN,NY,11213,17,17,K817,COMMUNITY SCHOOL DISTRICT 17,true
84K692,K692,Citizens of the World Charter School 2,Charter,General Academic,Elementary,0K 01 02 03 04 05,0K 01 02 03 04 05,Jul 1 2013,Open,K221,791 EMPIRE BOULEVARD,BROOKLYN,NY,11213,17,84,K01D,OFFICE OF CHARTER SCHOOLS,true
16K309,K309,P.S. 309 The George E. Wibecan Preparatory Academy,DOE,General Academic,Elementary,0K 01 02 03 04 05 SE,PK 0K 01 02 03 04 05,Jul 1 1963,Open,K309,794 MONROE STREET,BROOKLYN,NY,11221,16,16,K816,COMMUNITY SCHOOL DISTRICT 16,true
84K712,K712,Excellence Girls Charter School,Charter,General Academic,K-12 all grades,0K 01 02 03 04 05,0K 01 02 03 04 05 06 07 08,Jul 1 2009,Open,K309,794 MONROE STREET,BROOKLYN,NY,11221,16,84,K01D,OFFICE OF CHARTER SCHOOLS,true
13K009,K009,P.S. 009 Teunis G. Bergen,DOE,General Academic,Elementary,PK 0K 01 02 03 04 05 SE,PK 0K 01 02 03 04 05,Jul 1 1957,Open,K009,80 UNDERHILL AVENUE,BROOKLYN,NY,11238,13,13,K813,COMMUNITY SCHOOL DISTRICT 13,true
84K780,K780,Brooklyn East Collegiate Charter School,Charter,General Academic,Secondary School,05 06 07 08,05 06 07 08 09 10 11 12,Jun 1 2010,Open,K009,80 UNDERHILL AVENUE,BROOKLYN,NY,11238,13,84,K01D,OFFICE OF CHARTER SCHOOLS,true
16K267,K267,M.S. 267 Math  Science & Technology,DOE,General Academic,Junior High-Intermediate-Middle,06 07 08 SE,6/7/2008,Jul 1 1999,Open,K324,800 GATES AVENUE,BROOKLYN,NY,11221,16,16,K816,COMMUNITY SCHOOL DISTRICT 16,true
84K648,K648,Bedford Stuyvesant Collegiate Charter School,Charter,General Academic,Secondary School,05 06 07 08 09 10,05 06 07 08 09 10 11 12,Jul 1 2008,Open,K324,800 GATES AVENUE,BROOKLYN,NY,11221,16,84,K01D,OFFICE OF CHARTER SCHOOLS,true
84K649,K649,La Cima Charter School,Charter,General Academic,Elementary,0K 01 02 03 04 05,0K 01 02 03 04 05,Jul 1 2008,Open,K324,800 GATES AVENUE,BROOKLYN,NY,11221,16,84,K01D,OFFICE OF CHARTER SCHOOLS,true
12X479,X479,BRONX CAREER AND COLLEGE PREPARATORY HIGH SCHOOL,DOE,General Academic,High school,09 10 11 12 SE,09 10 11 12,Jul 1 2009,Open,X158,800 HOME STREET,BRONX,NY,10456,12,12,X812,COMMUNITY SCHOOL DISTRICT 12,true
12X267,X267,Bronx Latin,DOE,General Academic,Secondary School,06 07 08 09 10 11 12 SE,06 07 08 09 10 11 12,Sep 8 2004,Open,X158,800 HOME STREET,BRONX,NY,10456,12,12,X812,COMMUNITY SCHOOL DISTRICT 12,true
84X482,X482,Dr. Richard Izquierdo Health and Science Charter School,Charter,General Academic,Secondary School,06 07 08 09,06 07 08 09 10 11 12,Jun 1 2010,Open,X158,800 HOME STREET,BRONX,NY,10456,12,84,K01D,OFFICE OF CHARTER SCHOOLS,true
08X559,X559,School for Tourism and Hospitality,DOE,General Academic,High school,09 10 SE,09 10 11 12,Jul 1 2012,Open,X650,900 TINTON AVENUE,BRONX,NY,10456,8,8,X808,COMMUNITY SCHOOL DISTRICT 08,true
08X650,X650,Jane Addams High School for Academic Careers,DOE,Career Technical,High school,09 10 11 12 SE,09 10 11 12,Jul 1 1937,Open,X650,900 TINTON AVENUE,BRONX,NY,10456,8,8,X808,COMMUNITY SCHOOL DISTRICT 08,true
84X202,X202,New Visions Charter High School for Advanced Math and Science II,Charter,General Academic,High school,9/10/2015,09 10 11 12,Jul 1 2012,Open,X650,900 TINTON AVENUE,BRONX,NY,10456,8,84,K01D,OFFICE OF CHARTER SCHOOLS,true
